{
  "epoch_times": [
    25.648791400017217,
    26.061042000015732,
    26.142863799992483,
    26.23626279999735,
    26.160860500007402
  ],
  "train_losses": [
    1.8009483416875203,
    1.3145829414327939,
    1.1475675913194816,
    1.0360356122255325,
    0.9499150676031908
  ],
  "test_accuracies": [
    47.96,
    58.19,
    61.2,
    64.3,
    66.69
  ],
  "total_time": 130.25654100000975,
  "world_size": 8
}