{
  "epoch_times": [
    30.957126399996923,
    28.52071710000746,
    27.418110099999467,
    28.555549600016093,
    28.315969399991445
  ],
  "train_losses": [
    1.9229094982147217,
    1.4443980604410172,
    1.249232042580843,
    1.1685270313173532,
    1.077329432591796
  ],
  "test_accuracies": [
    39.30855315747402,
    53.87689848121503,
    58.63309352517986,
    62.35011990407674,
    65.26778577138289
  ],
  "total_time": 143.77366860001348,
  "world_size": 12
}