{
  "epoch_times": [
    41.27331099999719,
    43.15900660000625,
    42.00879350001924,
    42.14459340000758,
    42.14363480001339
  ],
  "train_losses": [
    1.3855269959339729,
    1.0226758487713643,
    0.882875455954136,
    0.781461659914408,
    0.705387310569103
  ],
  "test_accuracies": [
    60.45,
    67.86,
    72.89,
    73.68,
    75.1
  ],
  "total_time": 210.73075349998544,
  "world_size": 1
}