{
  "epoch_times": [
    60.947152799984906,
    55.57235970001784,
    48.70951300000888,
    48.64645910001127,
    50.13792849998572,
    54.265573699987726,
    53.2272088000027,
    54.81587300001411,
    48.69456479998189,
    54.90643770000315,
    51.741123099986,
    52.440391299984185,
    57.774875700008124,
    54.7626631000021,
    54.415017499995884,
    51.51138029998401,
    55.08603899998707,
    54.95754540001508,
    52.50982910001767,
    54.19832530000713
  ],
  "train_losses": [
    1.7605961561203003,
    1.3656135072413178,
    1.209540273725372,
    1.111606181282358,
    1.0412039259045394,
    0.9890737552003762,
    0.9631792448230625,
    0.9008245916710687,
    0.859150718167885,
    0.8525448724166634,
    0.8251485886033049,
    0.8103674152462753,
    0.7797343171748918,
    0.777442645780819,
    0.7481752087160484,
    0.7351432375072204,
    0.71413659004821,
    0.7166891644910439,
    0.6883862242870724,
    0.6747021226538825
  ],
  "test_accuracies": [
    50.68,
    58.13,
    63.88,
    64.78,
    68.06,
    69.43,
    70.6,
    72.92,
    74.29,
    71.92,
    72.16,
    73.69,
    76.05,
    77.25,
    76.68,
    76.24,
    76.64,
    75.96,
    78.42,
    77.06
  ],
  "total_time": 1069.3253170000098,
  "world_size": 4
}