{
  "epoch_times": [
    27.16944239998702,
    27.377033600001596,
    26.896222699986538,
    26.815778899996076,
    26.656128799979342
  ],
  "train_losses": [
    1.6050962861051266,
    1.1469081025762655,
    0.9874241683900971,
    0.8958010870156828,
    0.8024373914777618
  ],
  "test_accuracies": [
    56.67,
    64.28,
    64.93,
    69.86,
    71.48
  ],
  "total_time": 134.91840409999713,
  "world_size": 4
}