{
  "epoch_times": [
    27.03361969999969,
    27.66572050002287,
    27.60308729999815,
    27.454768499999773,
    27.894874700024957
  ],
  "train_losses": [
    1.862551478239206,
    1.374403871022738,
    1.1973066329956055,
    1.0989342500001957,
    1.0144900985253162
  ],
  "test_accuracies": [
    42.33,
    55.25,
    57.84,
    63.62,
    64.64
  ],
  "total_time": 137.6624487999943,
  "world_size": 10
}