{
  "epoch_times": [
    27.863122900016606,
    28.81015989999287,
    28.733680099976482,
    31.558741699991515,
    29.564233100012643
  ],
  "train_losses": [
    1.4378655925775186,
    1.033431254594754,
    0.8930865966356718,
    0.8015881055440658,
    0.7188153969935882
  ],
  "test_accuracies": [
    61.34,
    64.41,
    70.8,
    72.38,
    71.39
  ],
  "total_time": 146.5321210999973,
  "world_size": 2
}