{
  "epoch_times": [
    25.404665099980775,
    26.198739699990256,
    26.05286769999657,
    26.277968100010185,
    26.337387100007618
  ],
  "train_losses": [
    1.7029767568294818,
    1.2339584213036758,
    1.0581498769613413,
    0.9620778386409466,
    0.8921728418423579
  ],
  "test_accuracies": [
    51.969606078784246,
    61.0877824435113,
    65.44691061787643,
    66.73665266946611,
    69.2761447710458
  ],
  "total_time": 130.2756858000066,
  "world_size": 6
}